-- MySQL dump 10.13  Distrib 8.0.12, for Win64 (x86_64)
--
-- Host: 127.0.0.1    Database: youtube
-- ------------------------------------------------------
-- Server version	8.0.12

/*!40101 SET @OLD_CHARACTER_SET_CLIENT=@@CHARACTER_SET_CLIENT */;
/*!40101 SET @OLD_CHARACTER_SET_RESULTS=@@CHARACTER_SET_RESULTS */;
/*!40101 SET @OLD_COLLATION_CONNECTION=@@COLLATION_CONNECTION */;
 SET NAMES utf8 ;
/*!40103 SET @OLD_TIME_ZONE=@@TIME_ZONE */;
/*!40103 SET TIME_ZONE='+00:00' */;
/*!40014 SET @OLD_UNIQUE_CHECKS=@@UNIQUE_CHECKS, UNIQUE_CHECKS=0 */;
/*!40014 SET @OLD_FOREIGN_KEY_CHECKS=@@FOREIGN_KEY_CHECKS, FOREIGN_KEY_CHECKS=0 */;
/*!40101 SET @OLD_SQL_MODE=@@SQL_MODE, SQL_MODE='NO_AUTO_VALUE_ON_ZERO' */;
/*!40111 SET @OLD_SQL_NOTES=@@SQL_NOTES, SQL_NOTES=0 */;

--
-- Table structure for table `comentario`
--

DROP TABLE IF EXISTS `comentario`;
/*!40101 SET @saved_cs_client     = @@character_set_client */;
 SET character_set_client = utf8mb4 ;
CREATE TABLE `comentario` (
  `id` int(11) NOT NULL AUTO_INCREMENT,
  `fecha` datetime DEFAULT CURRENT_TIMESTAMP,
  `texto` text NOT NULL,
  `aprobado` tinyint(4) NOT NULL DEFAULT '0' COMMENT '0 = sin aprobar\n1= sin aprobar',
  `id_video` int(11) NOT NULL,
  `id_usuario` int(11) NOT NULL,
  PRIMARY KEY (`id`),
  KEY `comentario_has_video_idx` (`id_video`),
  KEY `comentario_has_usuario_idx` (`id_usuario`),
  CONSTRAINT `comentario_has_usuario` FOREIGN KEY (`id_usuario`) REFERENCES `usuario` (`id`) ON DELETE CASCADE ON UPDATE CASCADE,
  CONSTRAINT `comentario_has_video` FOREIGN KEY (`id_video`) REFERENCES `video` (`id`)
) ENGINE=InnoDB AUTO_INCREMENT=5 DEFAULT CHARSET=utf8;
/*!40101 SET character_set_client = @saved_cs_client */;

--
-- Dumping data for table `comentario`
--

LOCK TABLES `comentario` WRITE;
/*!40000 ALTER TABLE `comentario` DISABLE KEYS */;
INSERT INTO `comentario` VALUES (1,'2018-10-11 09:10:18','Me he reido mucho',0,36,32),(2,'2018-10-11 09:11:34','vaya full !!',0,36,33),(3,'2018-10-11 09:11:40','vaya full !!',0,36,33);
/*!40000 ALTER TABLE `comentario` ENABLE KEYS */;
UNLOCK TABLES;

--
-- Table structure for table `rol`
--

DROP TABLE IF EXISTS `rol`;
/*!40101 SET @saved_cs_client     = @@character_set_client */;
 SET character_set_client = utf8mb4 ;
CREATE TABLE `rol` (
  `id` int(11) NOT NULL AUTO_INCREMENT,
  `nombre` varchar(50) NOT NULL,
  PRIMARY KEY (`id`),
  UNIQUE KEY `id_UNIQUE` (`id`),
  UNIQUE KEY `nombre_UNIQUE` (`nombre`)
) ENGINE=InnoDB AUTO_INCREMENT=6 DEFAULT CHARSET=utf8 COMMENT='tabla para guardar los posibles roles de usuario';
/*!40101 SET character_set_client = @saved_cs_client */;

--
-- Dumping data for table `rol`
--

LOCK TABLES `rol` WRITE;
/*!40000 ALTER TABLE `rol` DISABLE KEYS */;
INSERT INTO `rol` VALUES (1,'admin'),(3,'rol test'),(2,'usuario');
/*!40000 ALTER TABLE `rol` ENABLE KEYS */;
UNLOCK TABLES;

--
-- Table structure for table `usuario`
--

DROP TABLE IF EXISTS `usuario`;
/*!40101 SET @saved_cs_client     = @@character_set_client */;
 SET character_set_client = utf8mb4 ;
CREATE TABLE `usuario` (
  `id` int(11) NOT NULL AUTO_INCREMENT,
  `nombre` varchar(50) NOT NULL,
  `password` varchar(20) NOT NULL,
  `id_rol` int(11) DEFAULT NULL,
  PRIMARY KEY (`id`),
  UNIQUE KEY `nombre_UNIQUE` (`nombre`),
  KEY `usuario_has_rol_idx` (`id_rol`),
  CONSTRAINT `usuario_has_rol` FOREIGN KEY (`id_rol`) REFERENCES `rol` (`id`)
) ENGINE=InnoDB AUTO_INCREMENT=34 DEFAULT CHARSET=utf8;
/*!40101 SET character_set_client = @saved_cs_client */;

--
-- Dumping data for table `usuario`
--

LOCK TABLES `usuario` WRITE;
/*!40000 ALTER TABLE `usuario` DISABLE KEYS */;
INSERT INTO `usuario` VALUES (4,'drohne','drohne',2),(5,'adrian','adrian',2),(6,'panoli','panoli',2),(7,'William Wallace','qwerty',2),(9,'      manolito','123456',2),(10,'    maNolitooo','qwerty',2),(25,'admin','admin',1),(32,'pepi','12345',2),(33,'manolo','12345',NULL);
/*!40000 ALTER TABLE `usuario` ENABLE KEYS */;
UNLOCK TABLES;

--
-- Table structure for table `video`
--

DROP TABLE IF EXISTS `video`;
/*!40101 SET @saved_cs_client     = @@character_set_client */;
 SET character_set_client = utf8mb4 ;
CREATE TABLE `video` (
  `id` int(11) NOT NULL AUTO_INCREMENT,
  `codigo` varchar(11) NOT NULL COMMENT 'identificador del video youtube',
  `nombre` varchar(150) NOT NULL,
  `id_usuario` int(11) DEFAULT NULL,
  PRIMARY KEY (`id`),
  UNIQUE KEY `codigo_UNIQUE` (`codigo`),
  KEY `video_has_usuario_idx` (`id_usuario`),
  CONSTRAINT `video_has_usuario` FOREIGN KEY (`id_usuario`) REFERENCES `usuario` (`id`)
) ENGINE=InnoDB AUTO_INCREMENT=37 DEFAULT CHARSET=utf8 PACK_KEYS=0;
/*!40101 SET character_set_client = @saved_cs_client */;

--
-- Dumping data for table `video`
--

LOCK TABLES `video` WRITE;
/*!40000 ALTER TABLE `video` DISABLE KEYS */;
INSERT INTO `video` VALUES (4,'YSAMOBVncSg','asdasdasdadasd',25),(33,'XVbbhbk6udw','qqqqqqqqqqqqqqqqqqqqqqqq',4),(34,'GeuYoXazS6A','qqqqqqqqqqqqqqqqqqqq',4),(36,'i_cVJgIz_Cs','no te olvides el where',25);
/*!40000 ALTER TABLE `video` ENABLE KEYS */;
UNLOCK TABLES;
/*!40103 SET TIME_ZONE=@OLD_TIME_ZONE */;

/*!40101 SET SQL_MODE=@OLD_SQL_MODE */;
/*!40014 SET FOREIGN_KEY_CHECKS=@OLD_FOREIGN_KEY_CHECKS */;
/*!40014 SET UNIQUE_CHECKS=@OLD_UNIQUE_CHECKS */;
/*!40101 SET CHARACTER_SET_CLIENT=@OLD_CHARACTER_SET_CLIENT */;
/*!40101 SET CHARACTER_SET_RESULTS=@OLD_CHARACTER_SET_RESULTS */;
/*!40101 SET COLLATION_CONNECTION=@OLD_COLLATION_CONNECTION */;
/*!40111 SET SQL_NOTES=@OLD_SQL_NOTES */;

-- Dump completed on 2018-10-11 14:14:14
